Word,Frequency,Rank
the,442,1
of,366,2
and,217,3
to,186,4
we,163,5
in,142,6
a,141,7
that,114,8
our,112,9
it,80,10
is,78,11
have,71,12
for,51,13
be,50,14
not,48,15
this,47,16
which,45,17
by,45,17
as,44,19
are,42,20
will,41,21
i,40,22
but,38,23
all,38,23
with,34,25
has,33,26
people,33,26
nation,32,28
us,32,28
they,30,30
on,28,31
their,28,31
government,26,33
can,25,34
from,24,35
no,23,36
men,23,36
must,23,36
who,22,39
its,22,39
an,22,39
shall,22,39
life,22,39
democracy,20,44
been,19,45
know,18,46
spirit,18,46
if,18,46
because,17,49
so,17,49
there,17,49
more,15,52
great,15,52
world,15,52
good,14,55
these,14,55
at,14,55
power,14,55
upon,14,55
new,14,55
national,14,55
every,14,55
peace,13,63
those,13,63
other,13,63
years,12,66
may,12,66
through,12,66
only,12,66
my,12,66
such,12,66
was,11,72
do,11,72
or,11,72
way,11,72
s,11,72
things,11,72
states,11,72
today,11,72
old,11,72
out,11,72
ourselves,11,72
see,10,83
under,10,83
united,10,83
republic,10,83
into,10,83
problems,10,83
one,10,83
progress,10,83
were,9,91
time,9,91
them,9,91
work,9,91
america,9,91
before,9,91
action,9,91
days,9,91
now,9,91
first,9,91
human,9,91
purpose,9,91
without,9,91
most,8,104
when,8,104
still,8,104
leadership,8,104
day,8,104
would,8,104
own,8,104
helped,8,104
face,8,104
many,8,104
well,8,104
nations,8,104
self,8,104
yet,7,117
millions,7,117
itself,7,117
task,7,117
should,7,117
ever,7,117
moral,7,117
faith,7,117
within,7,117
here,7,117
live,7,117
me,7,117
future,7,117
fear,7,117
land,7,117
freedom,7,117
truth,6,133
need,6,133
better,6,133
continent,6,133
understanding,6,133
come,6,133
conditions,6,133
duty,6,133
body,6,133
never,6,133
made,6,133
free,6,133
among,6,133
american,6,133
courage,6,133
country,6,133
individual,6,133
essential,6,133
each,6,133
mind,6,133
common,6,133
make,6,133
than,6,133
civilization,6,133
true,6,133
then,6,133
find,6,133
strong,6,133
toward,6,133
had,6,133
wealth,6,133
public,6,133
economic,6,133
practical,6,133
profit,5,167
instrument,5,167
speaks,5,167
sacred,5,167
present,5,167
god,5,167
achieve,5,167
measures,5,167
alone,5,167
success,5,167
did,5,167
together,5,167
much,5,167
being,5,167
go,5,167
he,5,167
high,5,167
constitution,5,167
women,5,167
fact,5,167
learned,5,167
end,5,167
democratic,5,167
relations,5,167
vision,5,167
war,5,167
children,5,167
cause,5,167
political,5,167
his,5,167
hand,5,167
confidence,5,167
use,5,167
fellow,5,167
you,5,167
what,5,167
cannot,5,167
take,5,167
given,5,167
order,5,167
important,5,167
americans,5,167
very,5,167
always,5,167
money,5,167
citizens,4,212
faced,4,212
become,4,212
tasks,4,212
congress,4,212
meet,4,212
vast,4,212
far,4,212
found,4,212
solve,4,212
hope,4,212
larger,4,212
fail,4,212
could,4,212
lies,4,212
material,4,212
part,4,212
mere,4,212
four,4,212
road,4,212
effort,4,212
industrial,4,212
continue,4,212
respects,4,212
little,4,212
discipline,4,212
am,4,212
test,4,212
difficult,4,212
ago,4,212
destiny,4,212
change,4,212
perils,4,212
demand,4,212
words,4,212
forward,4,212
against,4,212
neighbor,4,212
merely,4,212
enduring,4,212
measure,4,212
something,4,212
century,4,212
welfare,4,212
emergency,4,212
like,4,212
powers,4,212
values,4,212
lives,4,212
simple,4,212
constitutional,4,212
form,4,212
efforts,4,212
president,4,212
forms,4,212
over,4,212
means,4,212
justice,4,212
though,4,212
wish,4,212
affairs,3,272
social,3,272
call,3,272
master,3,272
came,3,272
ill,3,272
above,3,272
create,3,272
away,3,272
existence,3,272
ideal,3,272
feeling,3,272
rights,3,272
also,3,272
give,3,272
ask,3,272
security,3,272
evil,3,272
happiness,3,272
failure,3,272
centuries,3,272
set,3,272
moment,3,272
same,3,272
support,3,272
small,3,272
experiment,3,272
undertaken,3,272
hearts,3,272
require,3,272
greatest,3,272
aid,3,272
cost,3,272
taken,3,272
stricken,3,272
failed,3,272
year,3,272
foundations,3,272
bring,3,272
others,3,272
stand,3,272
temple,3,272
disaster,3,272
address,3,272
again,3,272
clear,3,272
regards,3,272
seen,3,272
dark,3,272
trade,3,272
despair,3,272
mankind,3,272
false,3,272
enough,3,272
whole,3,272
responsibility,3,272
act,3,272
willing,3,272
last,3,272
experience,3,272
believe,3,272
considered,3,272
policy,3,272
protect,3,272
seeking,3,272
return,3,272
while,3,272
less,3,272
midst,3,272
voices,3,272
washington,3,272
dedication,3,272
just,3,272
peoples,3,272
half,3,272
forces,3,272
prosperity,3,272
reason,3,272
needs,3,272
mighty,3,272
three,3,272
advance,3,272
effective,3,272
recovery,3,272
met,3,272
balance,3,272
single,3,272
maintained,3,272
wholly,3,272
forefathers,3,272
why,3,272
nor,3,272
seem,3,272
build,3,272
history,3,272
let,3,272
interest,3,272
paint,3,272
ideals,3,272
often,3,272
does,3,272
preserved,3,272
recognition,3,272
ancient,3,272
carry,3,272
freely,3,272
changes,3,272
population,3,272
resources,3,272
enterprise,3,272
blessed,3,272
office,3,272
person,3,272
said,3,272
show,3,272
science,3,272
earth,3,272
ways,3,272
justified,3,272
achievement,2,391
perfect,2,391
best,2,391
local,2,391
concern,2,391
gain,2,391
approach,2,391
two,2,391
compose,2,391
joy,2,391
growth,2,391
hitherto,2,391
rising,2,391
immediate,2,391
neighbors,2,391
guide,2,391
anxiety,2,391
finally,2,391
fight,2,391
methods,2,391
controls,2,391
extraordinary,2,391
count,2,391
beyond,2,391
interdependence,2,391
vigor,2,391
easily,2,391
fatalistic,2,391
establishment,2,391
full,2,391
thing,2,391
left,2,391
weak,2,391
created,2,391
attack,2,391
comfort,2,391
unprecedented,2,391
hands,2,391
after,2,391
processes,2,391
spreading,2,391
citizen,2,391
objectives,2,391
standard,2,391
sense,2,391
initiative,2,391
obvious,2,391
greatness,2,391
boldly,2,391
amount,2,391
both,2,391
realization,2,391
measured,2,391
frankly,2,391
epidemics,2,391
acted,2,391
loss,2,391
natural,2,391
even,2,391
poverty,2,391
critical,2,391
revive,2,391
service,2,391
frozen,2,391
generations,2,391
early,2,391
comes,2,391
personal,2,391
whether,2,391
ours,2,391
wisdom,2,391
standards,2,391
disruption,2,391
fulfillment,2,391
hundred,2,391
obligations,2,391
neither,2,391
drive,2,391
firm,2,391
any,2,391
once,2,391
calls,2,391
devotion,2,391
generous,2,391
seemed,2,391
asks,2,391
insistence,2,391
turn,2,391
products,2,391
run,2,391
army,2,391
ability,2,391
says,2,391
crisis,2,391
languishes,2,391
up,2,391
housed,2,391
banking,2,391
bad,2,391
lot,2,391
able,2,391
ruthless,2,391
followed,2,391
feet,2,391
govern,2,391
brought,2,391
offer,2,391
abandonment,2,391
belief,2,391
decision,2,391
putting,2,391
needed,2,391
families,2,391
determined,2,391
farm,2,391
justly,2,391
doubt,2,391
hold,2,391
strife,2,391
stagnation,2,391
fire,2,391
forever,2,391
1787,2,391
making,2,391
restoration,2,391
restore,2,391
times,2,391
assurance,2,391
victory,2,391
endure,2,391
stock,2,391
believed,2,391
centers,2,391
already,2,391
strive,2,391
lowest,2,391
exchange,2,391
suffering,2,391
living,2,391
materials,2,391
capacity,2,391
federal,2,391
founded,2,391
purposes,2,391
dedicated,2,391
honor,2,391
trend,2,391
duties,2,391
manner,2,391
trust,2,391
sacrifice,2,391
however,2,391
normal,2,391
event,2,391
denied,2,391
unsolvable,2,391
ages,2,391
alike,2,391
ahead,2,391
line,2,391
performance,2,391
structure,2,391
authority,2,391
changers,2,391
generation,2,391
pause,2,391
daily,2,391
leave,2,391
past,2,391
timidity,2,391
solemn,2,391
permanent,2,391
wrongdoing,2,391
home,2,391
obligation,2,391
complex,2,391
alien,2,391
increase,2,391
restored,2,391
afraid,2,391
1789,2,391
proved,2,391
elections,2,391
faithful,2,391
sometimes,2,391
some,2,391
parts,2,391
aright,2,391
satisfaction,2,391
certain,2,391
presence,2,391
warm,2,391
assume,2,391
international,2,391
lines,2,391
seek,2,391
vitality,2,391
put,2,391
dying,2,391
written,2,391
side,2,391
deeper,2,391
built,2,391
opportunity,2,391
injustice,2,391
beginning,2,391
force,2,391
convention,2,391
large,2,391
supervision,2,391
abiding,2,391
cities,2,391
hopes,2,391
too,2,391
rises,2,391
system,2,391
remains,2,391
called,2,391
heritage,2,391
inauguration,2,391
liberty,2,391
historic,2,391
greater,2,391
place,2,391
degree,2,391
income,2,391
pledge,2,391
modern,2,391
realize,2,391
speak,2,391
lincoln,2,391
remember,2,391
solution,2,391
executive,2,391
preservation,2,391
long,2,391
mistakes,2,391
climate,2,391
problem,2,391
adequate,2,391
tried,2,391
successfully,2,391
provide,2,391
whose,2,391
thankful,2,391
middle,2,391
oath,2,391
impossible,2,391
possible,2,391
unity,2,391
opportunism,2,391
save,2,391
era,2,391
subject,2,391
stop,2,391
sound,2,391
secure,2,391
pay,2,391
upward,2,391
throughout,2,391
character,2,391
society,2,391
greatly,2,391
terror,2,391
foreign,2,391
retreat,2,391
conviction,2,391
truths,2,391
lie,2,391
direct,2,391
recognize,2,391
themselves,2,391
aught,2,391
understand,2,391
quickly,2,391
selfish,2,391
therefore,2,391
monetary,1,668
adoption,1,668
presidency,1,668
arduous,1,668
engaging,1,668
borders,1,668
swift,1,668
immediately,1,668
framework,1,668
behave,1,668
mandate,1,668
savings,1,668
rediscover,1,668
administering,1,668
moved,1,668
unjustified,1,668
process,1,668
chance,1,668
homes,1,668
guarding,1,668
provided,1,668
nearly,1,668
abandon,1,668
superfluous,1,668
honorably,1,668
ambitions,1,668
voice,1,668
markets,1,668
condoned,1,668
agree,1,668
cast,1,668
wonder,1,668
triumphantly,1,668
joined,1,668
holiday,1,668
aspiration,1,668
furnish,1,668
constant,1,668
rather,1,668
farmers,1,668
content,1,668
generosity,1,668
lessons,1,668
fiftieth,1,668
follow,1,668
resolutely,1,668
trained,1,668
dependent,1,668
elements,1,668
aggression,1,668
winds,1,668
acknowledgment,1,668
safeguards,1,668
inseparable,1,668
honorable,1,668
relief,1,668
himself,1,668
exhortations,1,668
refrain,1,668
how,1,668
extent,1,668
investments,1,668
depression,1,668
believing,1,668
fourth,1,668
coordinate,1,668
opinion,1,668
candor,1,668
having,1,668
improve,1,668
favor,1,668
chase,1,668
bill,1,668
patience,1,668
look,1,668
kept,1,668
uncorrupted,1,668
righteousness,1,668
plenty,1,668
fiber,1,668
story,1,668
headedness,1,668
challenge,1,668
wishes,1,668
fashioning,1,668
minded,1,668
below,1,668
guidance,1,668
rejected,1,668
employment,1,668
mostly,1,668
stripped,1,668
constantly,1,668
born,1,668
chosen,1,668
undeserved,1,668
understands,1,668
smothered,1,668
downfall,1,668
indicted,1,668
productiveness,1,668
charta,1,668
allies,1,668
honest,1,668
enjoy,1,668
economy,1,668
practicality,1,668
thrive,1,668
expansion,1,668
stubbornness,1,668
intricacies,1,668
stood,1,668
agency,1,668
cancers,1,668
freemen,1,668
multitudes,1,668
internal,1,668
receive,1,668
disciplined,1,668
apply,1,668
grim,1,668
utmost,1,668
later,1,668
pursuit,1,668
justification,1,668
loyal,1,668
unborn,1,668
durable,1,668
asked,1,668
family,1,668
demonstrate,1,668
supreme,1,668
strict,1,668
everyday,1,668
registered,1,668
locusts,1,668
definite,1,668
taxes,1,668
elementary,1,668
ordinary,1,668
smoothly,1,668
growing,1,668
goes,1,668
acting,1,668
toil,1,668
untruths,1,668
wrought,1,668
withered,1,668
accomplishment,1,668
declaration,1,668
privilege,1,668
treating,1,668
business,1,668
branches,1,668
vital,1,668
practices,1,668
clarity,1,668
sought,1,668
consciousness,1,668
rounded,1,668
humane,1,668
redistribution,1,668
weld,1,668
primary,1,668
spare,1,668
matters,1,668
drastically,1,668
gratitude,1,668
regard,1,668
raise,1,668
disasters,1,668
sum,1,668
perish,1,668
profaned,1,668
absence,1,668
hoped,1,668
unconquerable,1,668
strength,1,668
emphasis,1,668
unequal,1,668
hangs,1,668
unwasted,1,668
anew,1,668
reduced,1,668
likeness,1,668
presently,1,668
proceed,1,668
realities,1,668
friends,1,668
infinite,1,668
late,1,668
outgo,1,668
collapse,1,668
republican,1,668
towns,1,668
fled,1,668
projects,1,668
valley,1,668
forgotten,1,668
information,1,668
indecent,1,668
insolent,1,668
inaugural,1,668
unexplained,1,668
serious,1,668
induction,1,668
profits,1,668
endeavor,1,668
result,1,668
wither,1,668
direction,1,668
man,1,668
constricted,1,668
unifying,1,668
light,1,668
sincere,1,668
fault,1,668
clean,1,668
crises,1,668
deep,1,668
invigorated,1,668
preventing,1,668
community,1,668
heedless,1,668
hit,1,668
lasting,1,668
utterly,1,668
level,1,668
makes,1,668
fixed,1,668
challenged,1,668
fed,1,668
irresistible,1,668
abundance,1,668
heard,1,668
volume,1,668
assured,1,668
ethics,1,668
attempts,1,668
honesty,1,668
clothed,1,668
relationships,1,668
unflinching,1,668
stature,1,668
irresponsibility,1,668
listen,1,668
yours,1,668
intense,1,668
stimulate,1,668
resorted,1,668
along,1,668
buy,1,668
longer,1,668
lands,1,668
plain,1,668
pattern,1,668
blows,1,668
memories,1,668
symptoms,1,668
realistically,1,668
pray,1,668
evade,1,668
courses,1,668
decisively,1,668
ready,1,668
tearfully,1,668
inaugurate,1,668
morally,1,668
almighty,1,668
fathers,1,668
accumulation,1,668
exercise,1,668
unto,1,668
reverently,1,668
model,1,668
confidently,1,668
few,1,668
securing,1,668
unemployed,1,668
distrust,1,668
forced,1,668
sufficient,1,668
possession,1,668
speedy,1,668
doing,1,668
multiplied,1,668
fantastic,1,668
inviolate,1,668
number,1,668
offered,1,668
comforts,1,668
communications,1,668
tradition,1,668
broad,1,668
paralyzes,1,668
aims,1,668
speculation,1,668
perished,1,668
polite,1,668
invariably,1,668
him,1,668
activities,1,668
stout,1,668
equally,1,668
manlier,1,668
add,1,668
instead,1,668
suspicion,1,668
hour,1,668
currency,1,668
lose,1,668
bounty,1,668
majority,1,668
thought,1,668
course,1,668
knowledge,1,668
rock,1,668
accepted,1,668
kind,1,668
situation,1,668
word,1,668
gains,1,668
sight,1,668
currents,1,668
talking,1,668
city,1,668
valued,1,668
education,1,668
nature,1,668
foresee,1,668
rested,1,668
creeds,1,668
help,1,668
levels,1,668
preeminently,1,668
minds,1,668
determination,1,668
secondary,1,668
assert,1,668
seriously,1,668
witnessed,1,668
private,1,668
attitude,1,668
valiantly,1,668
undermines,1,668
young,1,668
start,1,668
facing,1,668
preserve,1,668
mechanism,1,668
relearned,1,668
assistance,1,668
survived,1,668
offers,1,668
overbalance,1,668
urge,1,668
countries,1,668
honestly,1,668
chapter,1,668
belied,1,668
rediscovered,1,668
think,1,668
safety,1,668
splendid,1,668
sovereignties,1,668
dr,1,668
down,1,668
proclaimed,1,668
nameless,1,668
image,1,668
property,1,668
blindly,1,668
raised,1,668
forth,1,668
known,1,668
distress,1,668
muster,1,668
shirk,1,668
beseems,1,668
strongest,1,668
vice,1,668
unafraid,1,668
peril,1,668
gettysburg,1,668
scale,1,668
gift,1,668
outgrown,1,668
picture,1,668
impels,1,668
aim,1,668
creative,1,668
trustees,1,668
recommend,1,668
special,1,668
secondhand,1,668
developed,1,668
almost,1,668
correctly,1,668
earnestly,1,668
law,1,668
pledged,1,668
1945,1,668
schoolmaster,1,668
seeing,1,668
magna,1,668
promote,1,668
unbending,1,668
patchwork,1,668
depends,1,668
abuse,1,668
nationalistic,1,668
cool,1,668
ten,1,668
divides,1,668
foe,1,668
hard,1,668
repeated,1,668
countrymen,1,668
accomplishing,1,668
host,1,668
sit,1,668
tireless,1,668
book,1,668
feed,1,668
unimagined,1,668
impact,1,668
wage,1,668
portents,1,668
bewildered,1,668
inevitable,1,668
surging,1,668
spot,1,668
else,1,668
bygone,1,668
callous,1,668
communities,1,668
heads,1,668
care,1,668
1941,1,668
governments,1,668
provision,1,668
seeks,1,668
frankness,1,668
recall,1,668
structures,1,668
improvement,1,668
sensed,1,668
pays,1,668
optimist,1,668
dead,1,668
evoked,1,668
noble,1,668
trying,1,668
specific,1,668
services,1,668
shattered,1,668
expression,1,668
valleys,1,668
giver,1,668
villages,1,668
abdicated,1,668
curtailment,1,668
differing,1,668
thrill,1,668
admit,1,668
prophecy,1,668
intrusted,1,668
vastly,1,668
downward,1,668
tolerance,1,668
legislative,1,668
consideration,1,668
lending,1,668
mean,1,668
betray,1,668
promised,1,668
innate,1,668
general,1,668
clad,1,668
foreclosure,1,668
accompanied,1,668
darkness,1,668
hear,1,668
recruiting,1,668
base,1,668
across,1,668
cherished,1,668
credit,1,668
necessity,1,668
writing,1,668
happenings,1,668
enslaved,1,668
obtain,1,668
persistence,1,668
move,1,668
changed,1,668
marks,1,668
submit,1,668
energy,1,668
leads,1,668
economics,1,668
moving,1,668
translated,1,668
prophets,1,668
incomes,1,668
predictions,1,668
recent,1,668
rests,1,668
guides,1,668
tarry,1,668
invincible,1,668
feasible,1,668
sacredness,1,668
establish,1,668
legitimate,1,668
rulers,1,668
directed,1,668
function,1,668
subsistence,1,668
beaten,1,668
longings,1,668
individualists,1,668
yielding,1,668
autocratic,1,668
definitely,1,668
shrink,1,668
vainglory,1,668
ostriches,1,668
shown,1,668
permanently,1,668
traits,1,668
denying,1,668
forthwith,1,668
48,1,668
tests,1,668
proposes,1,668
fearing,1,668
mad,1,668
cordial,1,668
endurance,1,668
recognized,1,668
friendship,1,668
example,1,668
race,1,668
either,1,668
consistently,1,668
third,1,668
lifetime,1,668
pledging,1,668
legend,1,668
produce,1,668
anguished,1,668
untroubled,1,668
substance,1,668
goal,1,668
tremendous,1,668
constructed,1,668
begun,1,668
discovering,1,668
wars,1,668
renewed,1,668
formerly,1,668
strike,1,668
limited,1,668
mental,1,668
progressive,1,668
various,1,668
dream,1,668
solid,1,668
court,1,668
wipe,1,668
heights,1,668
whom,1,668
hemisphere,1,668
expected,1,668
fullness,1,668
compact,1,668
resolve,1,668
seekers,1,668
prove,1,668
spoken,1,668
reorganize,1,668
readjustment,1,668
stimulation,1,668
plague,1,668
drawn,1,668
unselfish,1,668
shrunken,1,668
morality,1,668
thrives,1,668
counties,1,668
dulled,1,668
races,1,668
factory,1,668
meager,1,668
evils,1,668
leading,1,668
alert,1,668
incompetence,1,668
treat,1,668
prepared,1,668
group,1,668
blind,1,668
thirty,1,668
intelligence,1,668
divine,1,668
encountered,1,668
obliged,1,668
hiding,1,668
lofty,1,668
pride,1,668
deeply,1,668
danger,1,668
became,1,668
frame,1,668
endured,1,668
perpetuate,1,668
admitted,1,668
hurricanes,1,668
impotent,1,668
unlearned,1,668
proposed,1,668
convinced,1,668
tongues,1,668
lodging,1,668
precious,1,668
ebbing,1,668
soul,1,668
back,1,668
coming,1,668
importance,1,668
produced,1,668
worth,1,668
leaves,1,668
dealing,1,668
reappear,1,668
worldly,1,668
solved,1,668
tide,1,668
boasted,1,668
capable,1,668
slavery,1,668
refused,1,668
gone,1,668
serving,1,668
unlimited,1,668
hardier,1,668
ancestors,1,668
humility,1,668
unhampered,1,668
protection,1,668
million,1,668
product,1,668
principle,1,668
pleading,1,668
ministered,1,668
circle,1,668
score,1,668
permeated,1,668
expect,1,668
manfully,1,668
utilities,1,668
difficulties,1,668
rightfully,1,668
invaded,1,668
evanescent,1,668
hardihood,1,668
invoke,1,668
reached,1,668
reasons,1,668
fearful,1,668
necessary,1,668
popular,1,668
abraham,1,668
quarter,1,668
emerson,1,668
age,1,668
capital,1,668
fate,1,668
planning,1,668
induce,1,668
since,1,668
servant,1,668
fitted,1,668
essentially,1,668
1933,1,668
procedure,1,668
proper,1,668
compared,1,668
her,1,668
unknown,1,668
right,1,668
speed,1,668
seats,1,668
admiration,1,668
conscience,1,668
suddenly,1,668
insistent,1,668
prosper,1,668
reliance,1,668
superbly,1,668
governing,1,668
dogs,1,668
real,1,668
competent,1,668
period,1,668
minister,1,668
fallen,1,668
doorstep,1,668
achievements,1,668
house,1,668
stated,1,668
richer,1,668
temporary,1,668
clothe,1,668
bind,1,668
heirs,1,668
separate,1,668
enlightened,1,668
informed,1,668
inevitably,1,668
credits,1,668
scattered,1,668
arrangement,1,668
chief,1,668
tyranny,1,668
granted,1,668
befit,1,668
want,1,668
heart,1,668
builders,1,668
vigorous,1,668
pressure,1,668
unable,1,668
instinct,1,668
manger,1,668
armed,1,668
wave,1,668
temper,1,668
overwhelmingly,1,668
job,1,668
dire,1,668
basic,1,668
territory,1,668
wisely,1,668
humbly,1,668
independence,1,668
peaks,1,668
becomes,1,668
staked,1,668
decencies,1,668
depend,1,668
heavy,1,668
penalties,1,668
friend,1,668
conduct,1,668
facts,1,668
wronged,1,668
heed,1,668
convert,1,668
abreast,1,668
dominant,1,668
erect,1,668
mayflower,1,668
excuse,1,668
remaining,1,668
mr,1,668
risen,1,668
during,1,668
americas,1,668
flow,1,668
deeds,1,668
exacted,1,668
about,1,668
expressed,1,668
blessings,1,668
morals,1,668
conquered,1,668
criticism,1,668
march,1,668
inform,1,668
subordination,1,668
substantial,1,668
unnoticed,1,668
pall,1,668
intervals,1,668
purchase,1,668
reverse,1,668
brief,1,668
draw,1,668
recreation,1,668
covenant,1,668
established,1,668
primarily,1,668
unscrupulous,1,668
supply,1,668
propose,1,668
risk,1,668
strove,1,668
unchanged,1,668
reposed,1,668
reconsecrate,1,668
seas,1,668
eight,1,668
revolutionary,1,668
rules,1,668
knew,1,668
perform,1,668
members,1,668
departure,1,668
happy,1,668
bitter,1,668
confusion,1,668
confront,1,668
development,1,668
phase,1,668
carried,1,668
field,1,668
inaction,1,668
position,1,668
virtues,1,668
killed,1,668
agricultural,1,668
desirous,1,668
thank,1,668
tolerate,1,668
die,1,668
disease,1,668
deny,1,668
agreements,1,668
manifestation,1,668
boastfulness,1,668
gravity,1,668
fruitful,1,668
acts,1,668
nourished,1,668
blessing,1,668
mistrust,1,668
uneconomical,1,668
surface,1,668
peabody,1,668
birth,1,668
taking,1,668
hardheartedness,1,668
using,1,668
done,1,668
undelayed,1,668
shock,1,668
imperative,1,668
accomplished,1,668
marvelous,1,668
narrowly,1,668
apart,1,668
farms,1,668
grow,1,668
wait,1,668
faintness,1,668
integrity,1,668
total,1,668
responsibilities,1,668
read,1,668
foolish,1,668
qualities,1,668
gained,1,668
maintain,1,668
perfection,1,668
outworn,1,668
keeps,1,668
reject,1,668
colors,1,668
state,1,668
enlists,1,668
transportation,1,668
labeled,1,668
unhesitatingly,1,668
useful,1,668
instruments,1,668
sprang,1,668
courageously,1,668
enlarged,1,668
institutions,1,668
goad,1,668
instruct,1,668
told,1,668
felt,1,668
several,1,668
baffled,1,668
highest,1,668
unreasoning,1,668
session,1,668
chaos,1,668
tens,1,668
extended,1,668
goods,1,668
program,1,668
output,1,668
falsity,1,668
teach,1,668
thousands,1,668
mystical,1,668
stern,1,668
lived,1,668
clearly,1,668
kinds,1,668
point,1,668
naught,1,668
instinctively,1,668
requires,1,668
won,1,668
circumstances,1,668
advanced,1,668
narrowing,1,668
realized,1,668
necessities,1,668
blazed,1,668
pioneer,1,668
sanctity,1,668
dedicate,1,668
horizons,1,668
differ,1,668
lay,1,668
tragedy,1,668
lure,1,668
enabled,1,668
resumption,1,668
lacking,1,668
detailed,1,668
stress,1,668
careful,1,668
arms,1,668
formidable,1,668
insist,1,668
defense,1,668
inherited,1,668
artificial,1,668
anniversary,1,668
passing,1,668
